delivery_event_id,order_id,event_name,event_ts,driver_id,distance_km
DE00001_0,O00001,assigned,2026-04-19 16:30:00,DR030,21.67
DE00001_1,O00001,picked_up,2026-04-19 16:40:00,DR001,6.38
DE00001_2,O00001,out_for_delivery,2026-04-19 17:22:00,DR006,6.91
DE00002_0,O00002,assigned,2026-04-17 21:16:00,DR028,15.97
DE00002_1,O00002,picked_up,2026-04-17 21:35:00,DR007,1.58
DE00002_2,O00002,out_for_delivery,2026-04-17 22:04:00,DR030,3.73
DE00003_0,O00003,assigned,2026-04-09 15:28:00,DR011,26.28
DE00003_1,O00003,picked_up,2026-04-09 15:55:00,DR015,7.48
DE00003_2,O00003,out_for_delivery,2026-04-09 16:30:00,DR022,5.63
DE00003_3,O00003,delivered,2026-04-09 17:31:00,DR026,27.94
DE00003_4,O00003,cancelled,2026-04-09 17:48:00,DR029,20.2
DE00004_0,O00004,assigned,2026-04-08 11:27:00,DR007,15.38
DE00004_1,O00004,picked_up,2026-04-08 11:58:00,DR011,17.19
DE00004_2,O00004,out_for_delivery,2026-04-08 12:13:00,DR030,2.25
DE00005_0,O00005,assigned,2026-04-13 23:34:00,DR026,5.01
DE00005_1,O00005,picked_up,2026-04-13 23:57:00,DR002,18.0
DE00005_2,O00005,out_for_delivery,2026-04-14 00:24:00,DR028,4.41
DE00005_3,O00005,delivered,2026-04-14 01:34:00,DR019,24.92
DE00005_4,O00005,cancelled,2026-04-14 00:58:00,DR024,3.2
DE00006_0,O00006,assigned,2026-05-01 22:29:00,DR006,14.73
DE00006_1,O00006,picked_up,2026-05-01 23:09:00,DR012,14.46
DE00006_2,O00006,out_for_delivery,2026-05-01 23:43:00,DR006,9.69
DE00006_3,O00006,delivered,2026-05-02 00:02:00,DR017,19.75
DE00006_4,O00006,cancelled,2026-05-02 01:05:00,DR016,8.25
DE00007_0,O00007,assigned,2026-04-26 19:53:00,DR007,6.93
DE00007_1,O00007,picked_up,2026-04-26 20:13:00,DR015,24.31
DE00007_2,O00007,out_for_delivery,2026-04-26 20:59:00,DR007,9.26
DE00007_3,O00007,delivered,2026-04-26 21:29:00,DR019,5.24
DE00007_4,O00007,cancelled,2026-04-26 21:57:00,DR009,15.86
DE00008_0,O00008,assigned,2026-04-09 21:49:00,DR015,15.01
DE00008_1,O00008,picked_up,2026-04-09 22:11:00,DR019,2.11
DE00008_2,O00008,out_for_delivery,2026-04-09 23:09:00,DR020,10.08
DE00009_0,O00009,assigned,2026-04-29 16:58:00,DR012,22.72
DE00009_1,O00009,picked_up,2026-04-29 17:26:00,DR009,11.32
DE00009_2,O00009,out_for_delivery,2026-04-29 17:36:00,DR015,7.31
DE00009_3,O00009,delivered,2026-04-29 17:34:00,DR012,25.34
DE00010_0,O00010,assigned,2026-04-19 23:22:00,DR018,18.38
DE00010_1,O00010,picked_up,2026-04-19 23:47:00,DR030,7.15
DE00010_2,O00010,out_for_delivery,2026-04-19 23:52:00,DR003,10.73
DE00010_3,O00010,delivered,2026-04-20 01:28:00,DR007,10.01
DE00010_4,O00010,cancelled,2026-04-20 01:18:00,DR009,9.17
DE00011_0,O00011,assigned,2026-04-18 12:15:00,DR028,21.31
DE00011_1,O00011,picked_up,2026-04-18 12:57:00,DR030,8.05
DE00011_2,O00011,out_for_delivery,2026-04-18 13:09:00,DR010,23.2
DE00011_3,O00011,delivered,2026-04-18 13:54:00,DR013,23.19
DE00011_4,O00011,cancelled,2026-04-18 12:47:00,DR016,18.66
DE00012_0,O00012,ASSIGNED,2026-04-10 23:46:00,DR008,20.53
DE00012_1,O00012,PICKED_UP,2026-04-11 00:07:00,DR016,7.31
DE00012_2,O00012,OUT_FOR_DELIVERY,2026-04-11 01:16:00,DR026,15.92
DE00012_3,O00012,DELIVERED,2026-04-11 01:37:00,DR024,22.99
DE00013_0,O00013,assigned,2026-04-22 22:30:00,DR028,6.07
DE00013_1,O00013,picked_up,2026-04-22 23:04:00,DR007,12.84
DE00013_2,O00013,out_for_delivery,2026-04-22 23:56:00,DR001,11.12
DE00014_0,O00014,assigned,2026-04-09 14:12:00,DR016,22.88
DE00014_1,O00014,picked_up,2026-04-09 14:42:00,DR011,7.09
DE00014_2,O00014,out_for_delivery,2026-04-09 15:22:00,DR022,21.32
DE00014_3,O00014,delivered,2026-04-09 16:18:00,DR010,9.8
DE00014_4,O00014,cancelled,2026-04-09 14:48:00,DR019,22.2
DE00015_0,O00015,assigned,2026-04-09 11:37:00,DR021,22.58
DE00015_1,O00015,picked_up,2026-04-09 12:21:00,DR028,11.55
DE00015_2,O00015,out_for_delivery,2026-04-09 12:41:00,DR007,26.61
DE00015_3,O00015,delivered,2026-04-09 12:13:00,DR018,11.43
DE00016_0,O00016,assigned,2026-05-01 10:51:00,DR015,18.25
DE00016_1,O00016,picked_up,2026-05-01 11:18:00,DR003,5.63
DE00016_2,O00016,out_for_delivery,2026-05-01 12:17:00,DR006,1.87
DE00016_3,O00016,delivered,2026-05-01 12:48:00,DR001,6.04
DE00017_0,O00017,assigned,2026-04-06 00:33:00,DR007,7.29
DE00017_1,O00017,picked_up,2026-04-06 01:14:00,DR003,13.28
DE00017_2,O00017,out_for_delivery,2026-04-06 01:35:00,DR017,1.3
DE00017_3,O00017,delivered,2026-04-06 01:57:00,DR028,25.56
DE00018_0,O00018,assigned,2026-04-26 11:40:00,DR018,12.3
DE00018_1,O00018,picked_up,2026-04-26 11:52:00,DR013,26.79
DE00018_2,O00018,out_for_delivery,2026-04-26 12:22:00,DR005,24.5
DE00019_0,O00019,assigned,2026-04-20 16:22:00,DR006,17.3
DE00019_1,O00019,picked_up,2026-04-20 16:49:00,DR019,6.48
DE00019_2,O00019,out_for_delivery,2026-04-20 17:36:00,DR009,6.45
DE00019_3,O00019,delivered,2026-04-20 17:13:00,DR015,2.73
DE00019_4,O00019,cancelled,2026-04-20 18:34:00,DR020,22.8
DE00020_0,O00020,assigned,2026-05-04 14:36:00,DR015,13.49
DE00020_1,O00020,picked_up,2026-05-04 14:46:00,DR024,3.46
DE00020_2,O00020,out_for_delivery,2026-05-04 15:50:00,DR012,19.91
DE00020_3,O00020,delivered,2026-05-04 15:57:00,DR013,17.55
DE00020_4,O00020,cancelled,2026-05-04 15:52:00,DR014,7.73
DE00021_0,O00021,assigned,2026-04-28 16:48:00,DR023,16.35
DE00021_1,O00021,picked_up,2026-04-28 17:21:00,DR023,26.53
DE00021_2,O00021,out_for_delivery,2026-04-28 17:34:00,DR029,24.5
DE00021_3,O00021,delivered,2026-04-28 18:03:00,DR029,17.96
DE00022_0,O00022,assigned,2026-04-19 20:22:00,DR030,14.32
DE00022_1,O00022,picked_up,2026-04-19 21:05:00,DR004,27.87
DE00022_2,O00022,out_for_delivery,2026-04-19 20:46:00,DR025,3.84
DE00023_0,O00023,assigned,2026-04-21 15:59:00,DR009,6.6
DE00023_1,O00023,picked_up,2026-04-21 16:09:00,DR015,1.72
DE00023_2,O00023,out_for_delivery,2026-04-21 17:13:00,DR013,10.28
DE00023_3,O00023,delivered,2026-04-21 17:38:00,DR028,6.25
DE00024_0,O00024,ASSIGNED,2026-04-03 09:10:00,DR023,25.76
DE00024_1,O00024,PICKED_UP,2026-04-03 09:38:00,DR022,21.21
DE00024_2,O00024,OUT_FOR_DELIVERY,2026-04-03 10:28:00,DR015,2.84
DE00024_3,O00024,DELIVERED,2026-04-03 11:19:00,DR022,7.54
DE00025_0,O00025,assigned,2026-04-29 11:23:00,DR027,5.36
DE00025_1,O00025,picked_up,2026-04-29 11:32:00,DR020,3.71
DE00025_2,O00025,out_for_delivery,2026-04-29 12:15:00,DR004,15.44
DE00025_3,O00025,delivered,2026-04-29 13:02:00,DR006,3.09
DE00026_0,O00026,assigned,2026-04-01 20:33:00,DR015,10.67
DE00026_1,O00026,picked_up,2026-04-01 20:54:00,DR023,1.93
DE00026_2,O00026,out_for_delivery,2026-04-01 21:57:00,DR007,12.94
DE00026_3,O00026,delivered,2026-04-01 21:06:00,DR027,18.14
DE00027_0,O00027,assigned,2026-05-04 19:56:00,DR013,19.64
DE00027_1,O00027,picked_up,2026-05-04 20:32:00,DR002,17.15
DE00027_2,O00027,out_for_delivery,2026-05-04 20:18:00,DR025,11.19
DE00027_3,O00027,delivered,2026-05-04 20:56:00,DR030,7.74
DE00027_4,O00027,cancelled,2026-05-04 21:28:00,DR007,3.47
DE00028_0,O00028,assigned,2026-04-27 09:28:00,DR027,6.19
DE00028_1,O00028,picked_up,2026-04-27 09:40:00,DR008,26.89
DE00028_2,O00028,out_for_delivery,2026-04-27 09:56:00,DR026,23.56
DE00029_0,O00029,assigned,2026-04-11 21:21:00,DR014,14.84
DE00029_1,O00029,picked_up,2026-04-11 21:49:00,DR011,16.18
DE00029_2,O00029,out_for_delivery,2026-04-11 22:01:00,DR020,6.59
DE00030_0,O00030,assigned,2026-05-05 15:44:00,DR008,6.77
DE00030_1,O00030,picked_up,2026-05-05 16:14:00,DR011,5.69
DE00030_2,O00030,out_for_delivery,2026-05-05 16:50:00,DR021,9.54
DE00030_3,O00030,delivered,2026-05-05 17:20:00,DR007,13.39
DE00031_0,O00031,assigned,2026-04-05 20:13:00,DR002,2.82
DE00031_1,O00031,picked_up,2026-04-05 20:34:00,DR014,9.14
DE00031_2,O00031,out_for_delivery,2026-04-05 21:31:00,DR004,20.24
DE00031_3,O00031,delivered,2026-04-05 22:25:00,DR006,7.8
DE00032_0,O00032,assigned,2026-04-07 19:14:00,DR022,25.96
DE00032_1,O00032,picked_up,2026-04-07 19:30:00,DR011,5.73
DE00032_2,O00032,out_for_delivery,2026-04-07 20:10:00,DR028,18.99
DE00032_3,O00032,delivered,2026-04-07 19:50:00,DR011,1.48
DE00033_0,O00033,assigned,2026-04-29 15:31:00,DR017,16.86
DE00033_1,O00033,picked_up,2026-04-29 15:39:00,DR008,1.57
DE00033_2,O00033,out_for_delivery,2026-04-29 16:01:00,DR010,7.38
DE00033_3,O00033,delivered,2026-04-29 17:16:00,DR025,7.58
DE00033_4,O00033,cancelled,2026-04-29 16:23:00,DR002,4.71
DE00034_0,O00034,assigned,2026-05-02 14:03:00,DR013,6.52
DE00034_1,O00034,picked_up,2026-05-02 14:13:00,DR008,25.93
DE00034_2,O00034,out_for_delivery,2026-05-02 15:15:00,DR024,24.69
DE00035_0,O00035,assigned,2026-04-09 13:44:00,DR017,22.38
DE00035_1,O00035,picked_up,2026-04-09 14:18:00,DR021,22.94
DE00035_2,O00035,out_for_delivery,2026-04-09 14:02:00,DR008,23.87
DE00035_3,O00035,delivered,2026-04-09 15:11:00,DR011,7.54
DE00036_0,O00036,ASSIGNED,2026-05-05 09:55:00,DR026,19.56
DE00036_1,O00036,PICKED_UP,2026-05-05 10:17:00,DR020,24.56
DE00036_2,O00036,OUT_FOR_DELIVERY,2026-05-05 11:17:00,DR011,5.96
DE00036_3,O00036,DELIVERED,2026-05-05 10:19:00,DR003,24.49
DE00036_4,O00036,CANCELLED,2026-05-05 10:43:00,DR007,2.41
DE00037_0,O00037,assigned,2026-04-11 01:00:00,DR003,5.69
DE00037_1,O00037,picked_up,2026-04-11 01:43:00,DR027,22.47
DE00037_2,O00037,out_for_delivery,2026-04-11 01:42:00,DR008,14.7
DE00038_0,O00038,assigned,2026-04-28 21:22:00,DR006,20.49
DE00038_1,O00038,picked_up,2026-04-28 21:45:00,DR014,5.76
DE00038_2,O00038,out_for_delivery,2026-04-28 22:08:00,DR010,8.7
DE00038_3,O00038,delivered,2026-04-28 23:10:00,DR021,6.44
DE00039_0,O00039,assigned,2026-05-01 10:21:00,DR013,5.53
DE00039_1,O00039,picked_up,2026-05-01 10:57:00,DR014,14.64
DE00039_2,O00039,out_for_delivery,2026-05-01 11:31:00,DR025,5.21
DE00039_3,O00039,delivered,2026-05-01 12:15:00,DR001,21.57
DE00040_0,O00040,assigned,2026-04-28 23:34:00,DR020,15.5
DE00040_1,O00040,picked_up,2026-04-29 00:17:00,DR024,5.74
DE00040_2,O00040,out_for_delivery,2026-04-29 00:38:00,DR015,9.26
DE00041_0,O00041,assigned,2026-04-19 15:24:00,DR003,10.0
DE00041_1,O00041,picked_up,2026-04-19 16:02:00,DR007,5.18
DE00041_2,O00041,out_for_delivery,2026-04-19 16:04:00,DR001,1.35
DE00041_3,O00041,delivered,2026-04-19 17:24:00,DR024,20.58
DE00041_4,O00041,cancelled,2026-04-19 18:00:00,DR013,25.99
DE00042_0,O00042,assigned,2026-04-27 01:33:00,DR013,14.22
DE00042_1,O00042,picked_up,2026-04-27 02:18:00,DR003,12.04
DE00042_2,O00042,out_for_delivery,2026-04-27 01:53:00,DR030,4.36
DE00042_3,O00042,delivered,2026-04-27 03:45:00,DR006,6.24
DE00042_4,O00042,cancelled,2026-04-27 03:53:00,DR009,21.82
DE00043_0,O00043,assigned,2026-04-23 17:41:00,DR021,19.59
DE00043_1,O00043,picked_up,2026-04-23 17:52:00,DR021,11.4
DE00043_2,O00043,out_for_delivery,2026-04-23 18:51:00,DR024,7.66
DE00043_3,O00043,delivered,2026-04-23 19:35:00,DR002,25.88
DE00043_4,O00043,cancelled,2026-04-23 19:45:00,DR021,20.08
DE00044_0,O00044,assigned,2026-04-02 20:54:00,DR009,17.35
DE00044_1,O00044,picked_up,2026-04-02 21:11:00,DR009,7.68
DE00044_2,O00044,out_for_delivery,2026-04-02 22:24:00,DR022,23.72
DE00044_3,O00044,delivered,2026-04-02 21:18:00,DR004,21.82
DE00044_4,O00044,cancelled,2026-04-02 23:02:00,DR013,20.06
DE00045_0,O00045,assigned,2026-04-06 17:50:00,DR006,23.4
DE00045_1,O00045,picked_up,2026-04-06 18:14:00,DR023,9.16
DE00045_2,O00045,out_for_delivery,2026-04-06 19:14:00,DR022,24.94
DE00046_0,O00046,assigned,2026-04-20 21:31:00,DR004,18.18
DE00046_1,O00046,picked_up,2026-04-20 22:01:00,DR027,4.85
DE00046_2,O00046,out_for_delivery,2026-04-20 22:13:00,DR030,21.2
DE00046_3,O00046,delivered,2026-04-20 22:52:00,DR001,27.65
DE00047_0,O00047,assigned,2026-05-02 09:01:00,DR025,19.8
DE00047_1,O00047,picked_up,2026-05-02 09:42:00,DR014,18.67
DE00047_2,O00047,out_for_delivery,2026-05-02 10:11:00,DR006,5.76
DE00048_0,O00048,ASSIGNED,2026-04-12 21:00:00,DR016,5.91
DE00048_1,O00048,PICKED_UP,2026-04-12 21:15:00,DR015,16.31
DE00048_2,O00048,OUT_FOR_DELIVERY,2026-04-12 21:42:00,DR006,6.43
DE00049_0,O00049,assigned,2026-04-12 22:48:00,DR029,24.53
DE00049_1,O00049,picked_up,2026-04-12 23:24:00,DR021,25.65
DE00049_2,O00049,out_for_delivery,2026-04-12 23:16:00,DR028,18.18
DE00050_0,O00050,assigned,2026-04-06 14:00:00,DR004,8.47
DE00050_1,O00050,picked_up,2026-04-06 14:29:00,DR001,16.81
DE00050_2,O00050,out_for_delivery,2026-04-06 15:16:00,DR016,19.17
DE00051_0,O00051,assigned,2026-04-07 09:09:00,DR025,26.79
DE00051_1,O00051,picked_up,2026-04-07 09:54:00,DR026,27.67
DE00051_2,O00051,out_for_delivery,2026-04-07 09:37:00,DR007,15.1
DE00052_0,O00052,assigned,2026-04-01 15:24:00,DR025,8.18
DE00052_1,O00052,picked_up,2026-04-01 16:03:00,DR016,21.44
DE00052_2,O00052,out_for_delivery,2026-04-01 16:34:00,DR011,11.01
DE00052_3,O00052,delivered,2026-04-01 16:51:00,DR011,23.05
DE00052_4,O00052,cancelled,2026-04-01 17:28:00,DR022,11.76
DE00053_0,O00053,assigned,2026-04-05 01:38:00,DR026,3.7
DE00053_1,O00053,picked_up,2026-04-05 02:15:00,DR028,19.85
DE00053_2,O00053,out_for_delivery,2026-04-05 02:10:00,DR001,17.25
DE00053_3,O00053,delivered,2026-04-05 03:41:00,DR009,26.68
DE00054_0,O00054,assigned,2026-04-16 15:17:00,DR017,12.15
DE00054_1,O00054,picked_up,2026-04-16 15:37:00,DR001,27.63
DE00054_2,O00054,out_for_delivery,2026-04-16 16:13:00,DR001,18.11
DE00054_3,O00054,delivered,2026-04-16 15:47:00,DR026,20.87
DE00055_0,O00055,assigned,2026-04-29 12:59:00,DR013,20.96
DE00055_1,O00055,picked_up,2026-04-29 13:12:00,DR012,12.55
DE00055_2,O00055,out_for_delivery,2026-04-29 14:15:00,DR022,24.14
DE00055_3,O00055,delivered,2026-04-29 13:41:00,DR024,11.39
DE00055_4,O00055,cancelled,2026-04-29 14:19:00,DR023,4.87
DE00056_0,O00056,assigned,2026-05-04 23:57:00,DR002,4.45
DE00056_1,O00056,picked_up,2026-05-05 00:10:00,DR010,23.47
DE00056_2,O00056,out_for_delivery,2026-05-05 01:23:00,DR028,13.6
DE00056_3,O00056,delivered,2026-05-05 01:45:00,DR004,14.02
DE00056_4,O00056,cancelled,2026-05-05 02:45:00,DR008,7.57
DE00057_0,O00057,assigned,2026-04-11 21:51:00,DR004,12.74
DE00057_1,O00057,picked_up,2026-04-11 22:00:00,DR006,26.08
DE00057_2,O00057,out_for_delivery,2026-04-11 22:47:00,DR029,11.35
DE00057_3,O00057,delivered,2026-04-11 23:06:00,DR008,20.42
DE00057_4,O00057,cancelled,2026-04-12 00:23:00,DR029,19.11
DE00058_0,O00058,assigned,2026-04-10 00:44:00,DR003,22.48
DE00058_1,O00058,picked_up,2026-04-10 01:13:00,DR028,7.04
DE00058_2,O00058,out_for_delivery,2026-04-10 02:12:00,DR025,25.94
DE00058_3,O00058,delivered,2026-04-10 01:20:00,DR021,10.27
DE00058_4,O00058,cancelled,2026-04-10 02:52:00,DR021,18.34
DE00059_0,O00059,assigned,2026-05-07 01:29:00,DR008,8.0
DE00059_1,O00059,picked_up,2026-05-07 01:55:00,DR003,4.01
DE00059_2,O00059,out_for_delivery,2026-05-07 02:27:00,DR024,16.99
DE00059_3,O00059,delivered,2026-05-07 02:29:00,DR024,26.43
DE00060_0,O00060,ASSIGNED,2026-04-24 11:10:00,DR019,20.9
DE00060_1,O00060,PICKED_UP,2026-04-24 11:37:00,DR002,16.93
DE00060_2,O00060,OUT_FOR_DELIVERY,2026-04-24 11:50:00,DR028,11.48
DE00060_3,O00060,DELIVERED,2026-04-24 12:55:00,DR011,21.82
DE00061_0,O99999,assigned,2026-04-09 17:52:00,DR008,3.88
DE00061_1,O99999,picked_up,2026-04-09 18:00:00,DR018,24.01
DE00061_2,O99999,out_for_delivery,2026-04-09 18:48:00,DR005,23.04
DE00061_3,O99999,delivered,2026-04-09 19:10:00,DR027,6.91
DE00061_4,O99999,cancelled,2026-04-09 20:20:00,DR005,17.24
DE00062_0,O00062,assigned,2026-04-10 21:44:00,DR020,9.64
DE00062_1,O00062,picked_up,2026-04-10 22:24:00,DR023,4.33
DE00062_2,O00062,out_for_delivery,2026-04-10 23:12:00,DR016,18.04
DE00062_3,O00062,delivered,2026-04-10 22:47:00,DR016,8.87
DE00062_4,O00062,cancelled,2026-04-10 23:52:00,DR002,27.49
DE00063_0,O00063,assigned,2026-04-22 11:36:00,DR028,20.78
DE00063_1,O00063,picked_up,2026-04-22 11:58:00,DR023,20.86
DE00063_2,O00063,out_for_delivery,2026-04-22 12:14:00,DR028,14.16
DE00063_3,O00063,delivered,2026-04-22 13:15:00,DR010,27.58
DE00063_4,O00063,cancelled,2026-04-22 12:48:00,DR001,15.79
DE00064_0,O00064,assigned,2026-04-22 16:12:00,DR012,21.46
DE00064_1,O00064,picked_up,2026-04-22 16:45:00,DR003,15.25
DE00064_2,O00064,out_for_delivery,2026-04-22 17:04:00,DR010,19.8
DE00064_3,O00064,delivered,2026-04-22 17:12:00,DR023,24.12
DE00064_4,O00064,cancelled,2026-04-22 18:24:00,DR004,4.53
DE00065_0,O00065,assigned,2026-04-04 23:30:00,DR015,18.68
DE00065_1,O00065,picked_up,2026-04-05 00:14:00,DR005,12.93
DE00065_2,O00065,out_for_delivery,2026-04-05 00:46:00,DR010,25.22
DE00065_3,O00065,delivered,2026-04-05 00:33:00,DR007,22.72
DE00065_4,O00065,cancelled,2026-04-05 00:50:00,DR024,18.58
DE00066_0,O00066,assigned,2026-04-24 21:23:00,DR022,22.21
DE00066_1,O00066,picked_up,2026-04-24 21:40:00,DR013,26.66
DE00066_2,O00066,out_for_delivery,2026-04-24 22:33:00,DR022,23.72
DE00066_3,O00066,delivered,2026-04-24 21:56:00,DR004,10.6
DE00066_4,O00066,cancelled,2026-04-24 23:55:00,DR006,26.52
DE00067_0,O00067,assigned,bad-date,DR011,17.02
DE00067_1,O00067,picked_up,bad-date,DR005,17.93
DE00067_2,O00067,out_for_delivery,bad-date,DR013,7.62
DE00067_3,O00067,delivered,bad-date,DR004,7.5
DE00067_4,O00067,cancelled,bad-date,DR016,9.17
DE00068_0,O00068,assigned,2026-04-12 20:08:00,DR025,19.68
DE00068_1,O00068,picked_up,2026-04-12 20:21:00,DR025,13.52
DE00068_2,O00068,out_for_delivery,2026-04-12 21:12:00,DR009,18.07
DE00068_3,O00068,delivered,2026-04-12 21:56:00,DR012,1.31
DE00068_4,O00068,cancelled,2026-04-12 21:08:00,DR003,4.3
DE00069_0,O00069,assigned,2026-05-03 12:50:00,DR019,27.66
DE00069_1,O00069,picked_up,2026-05-03 13:28:00,DR009,19.73
DE00069_2,O00069,out_for_delivery,2026-05-03 13:18:00,DR026,17.01
DE00070_0,O00070,assigned,2026-04-25 17:15:00,DR010,16.43
DE00070_1,O00070,picked_up,2026-04-25 17:29:00,DR011,2.71
DE00070_2,O00070,out_for_delivery,2026-04-25 18:39:00,DR006,11.94
DE00070_3,O00070,delivered,2026-04-25 17:42:00,DR013,16.01
DE00070_4,O00070,cancelled,2026-04-25 20:03:00,DR026,22.93
DE00071_0,O00071,assigned,2026-05-02 10:05:00,DR018,-5
DE00071_1,O00071,picked_up,2026-05-02 10:20:00,DR025,-5
DE00071_2,O00071,out_for_delivery,2026-05-02 10:47:00,DR022,-5
DE00071_3,O00071,delivered,2026-05-02 10:50:00,DR006,-5
DE00071_4,O00071,cancelled,2026-05-02 11:21:00,DR001,-5
DE00072_0,O00072,ASSIGNED,2026-05-06 16:37:00,DR002,4.48
DE00072_1,O00072,PICKED_UP,2026-05-06 16:58:00,DR021,5.35
DE00072_2,O00072,OUT_FOR_DELIVERY,2026-05-06 18:03:00,DR009,23.99
DE00072_3,O00072,DELIVERED,2026-05-06 17:07:00,DR003,27.46
DE00073_0,O00073,assigned,2026-05-03 14:05:00,DR006,12.42
DE00073_1,O00073,picked_up,2026-05-03 14:13:00,DR008,9.12
DE00073_2,O00073,out_for_delivery,2026-05-03 15:27:00,DR029,22.14
DE00073_3,O00073,delivered,2026-05-03 16:11:00,DR015,4.78
DE00074_0,O00074,assigned,2026-05-02 20:51:00,DR030,27.62
DE00074_1,O00074,picked_up,2026-05-02 21:21:00,DR020,15.53
DE00074_2,O00074,out_for_delivery,2026-05-02 21:33:00,DR023,3.67
DE00074_3,O00074,delivered,2026-05-02 21:21:00,DR008,1.99
DE00075_0,O00075,assigned,2026-04-10 14:06:00,DR020,15.91
DE00075_1,O00075,picked_up,2026-04-10 14:51:00,DR012,8.49
DE00075_2,O00075,out_for_delivery,2026-04-10 15:16:00,DR003,15.85
DE00076_0,O00076,assigned,2026-04-17 15:30:00,DR013,13.31
DE00076_1,O00076,picked_up,2026-04-17 15:54:00,DR022,12.48
DE00076_2,O00076,out_for_delivery,2026-04-17 16:04:00,DR018,6.5
DE00076_3,O00076,delivered,2026-04-17 16:45:00,DR021,19.81
DE00076_4,O00076,cancelled,2026-04-17 16:50:00,DR023,11.05
DE00077_0,O00077,assigned,2026-05-03 19:19:00,DR027,5.14
DE00077_1,O00077,picked_up,2026-05-03 19:54:00,DR013,1.7
DE00077_2,O00077,out_for_delivery,2026-05-03 20:05:00,DR003,8.29
DE00078_0,O00078,assigned,2026-05-05 10:52:00,DR014,2.78
DE00078_1,O00078,picked_up,2026-05-05 11:05:00,DR012,25.55
DE00078_2,O00078,out_for_delivery,2026-05-05 11:42:00,DR005,24.46
DE00078_3,O00078,delivered,2026-05-05 11:58:00,DR009,1.27
DE00078_4,O00078,cancelled,2026-05-05 13:00:00,DR008,11.22
DE00079_0,O00079,assigned,2026-04-07 22:21:00,DR017,20.66
DE00079_1,O00079,picked_up,2026-04-07 22:48:00,DR019,23.18
DE00079_2,O00079,out_for_delivery,2026-04-07 23:39:00,DR004,15.28
DE00080_0,O00080,assigned,2026-04-19 18:24:00,DR029,2.3
DE00080_1,O00080,picked_up,2026-04-19 18:52:00,DR025,11.52
DE00080_2,O00080,out_for_delivery,2026-04-19 19:24:00,DR026,21.02
DE00080_3,O00080,delivered,2026-04-19 20:30:00,DR018,17.05
DE00081_0,O00081,assigned,2026-04-26 17:08:00,DR009,1.26
DE00081_1,O00081,picked_up,2026-04-26 17:48:00,DR023,5.2
DE00081_2,O00081,out_for_delivery,2026-04-26 17:40:00,DR005,11.23
DE00081_3,O00081,delivered,2026-04-26 18:23:00,DR002,25.8
DE00081_4,O00081,cancelled,2026-04-26 19:12:00,DR023,21.99
DE00082_0,O00082,assigned,2026-04-27 21:03:00,DR015,27.63
DE00082_1,O00082,picked_up,2026-04-27 21:40:00,DR017,8.74
DE00082_2,O00082,out_for_delivery,2026-04-27 22:13:00,DR017,26.43
DE00082_3,O00082,delivered,2026-04-27 22:09:00,DR010,18.16
DE00083_0,O00083,assigned,2026-04-07 01:10:00,DR025,9.44
DE00083_1,O00083,picked_up,2026-04-07 01:23:00,DR021,3.15
DE00083_2,O00083,out_for_delivery,2026-04-07 01:56:00,DR003,5.46
DE00083_3,O00083,delivered,2026-04-07 01:43:00,DR003,21.07
DE00084_0,O00084,ASSIGNED,2026-05-07 00:51:00,DR014,19.28
DE00084_1,O00084,PICKED_UP,2026-05-07 01:07:00,DR016,14.44
DE00084_2,O00084,OUT_FOR_DELIVERY,2026-05-07 02:15:00,DR023,4.37
DE00084_3,O00084,DELIVERED,2026-05-07 01:15:00,DR020,6.13
DE00085_0,O00085,assigned,2026-04-01 21:11:00,DR024,10.32
DE00085_1,O00085,picked_up,2026-04-01 21:52:00,DR022,17.45
DE00085_2,O00085,out_for_delivery,2026-04-01 22:23:00,DR006,19.21
DE00085_3,O00085,delivered,2026-04-01 23:14:00,DR029,7.08
DE00086_0,O00086,assigned,2026-04-05 15:15:00,DR012,26.72
DE00086_1,O00086,picked_up,2026-04-05 15:50:00,DR016,11.24
DE00086_2,O00086,out_for_delivery,2026-04-05 16:17:00,DR004,10.12
DE00087_0,O00087,assigned,2026-04-16 23:11:00,DR010,9.08
DE00087_1,O00087,picked_up,2026-04-16 23:37:00,DR009,6.75
DE00087_2,O00087,out_for_delivery,2026-04-17 00:39:00,DR013,6.87
DE00087_3,O00087,delivered,2026-04-17 00:32:00,DR030,26.19
DE00087_4,O00087,cancelled,2026-04-17 01:51:00,DR027,25.12
DE00088_0,O00088,assigned,2026-05-01 00:13:00,DR002,10.61
DE00088_1,O00088,picked_up,2026-05-01 00:50:00,DR011,9.06
DE00088_2,O00088,out_for_delivery,2026-05-01 00:41:00,DR001,10.44
DE00088_3,O00088,delivered,2026-05-01 01:10:00,DR013,10.57
DE00088_4,O00088,cancelled,2026-05-01 01:09:00,DR014,14.29
DE00089_0,O00089,assigned,2026-04-06 18:01:00,DR014,4.34
DE00089_1,O00089,picked_up,2026-04-06 18:40:00,DR001,5.2
DE00089_2,O00089,out_for_delivery,2026-04-06 18:49:00,DR008,13.71
DE00089_3,O00089,delivered,2026-04-06 19:34:00,DR010,10.84
DE00089_4,O00089,cancelled,2026-04-06 19:17:00,DR018,22.91
DE00090_0,O00090,assigned,2026-04-07 16:29:00,DR006,4.78
DE00090_1,O00090,picked_up,2026-04-07 17:04:00,DR001,10.7
DE00090_2,O00090,out_for_delivery,2026-04-07 17:09:00,DR004,6.12
DE00090_3,O00090,delivered,2026-04-07 16:59:00,DR005,11.65
DE00090_4,O00090,cancelled,2026-04-07 18:25:00,DR029,1.85
DE00091_0,O00091,assigned,2026-04-14 01:11:00,DR004,12.37
DE00091_1,O00091,picked_up,2026-04-14 01:54:00,DR016,22.6
DE00091_2,O00091,out_for_delivery,2026-04-14 01:43:00,DR011,21.28
DE00091_3,O00091,delivered,2026-04-14 02:50:00,DR017,20.6
DE00092_0,O00092,assigned,2026-04-25 11:14:00,DR026,1.57
DE00092_1,O00092,picked_up,2026-04-25 11:31:00,DR012,14.5
DE00092_2,O00092,out_for_delivery,2026-04-25 12:00:00,DR002,19.31
DE00093_0,O00093,assigned,2026-04-22 16:19:00,DR014,13.97
DE00093_1,O00093,picked_up,2026-04-22 16:45:00,DR016,3.23
DE00093_2,O00093,out_for_delivery,2026-04-22 17:29:00,DR008,17.68
DE00093_3,O00093,delivered,2026-04-22 18:19:00,DR006,7.74
DE00093_4,O00093,cancelled,2026-04-22 17:19:00,DR028,8.12
DE00094_0,O00094,assigned,2026-04-16 20:22:00,DR016,20.07
DE00094_1,O00094,picked_up,2026-04-16 20:36:00,DR023,20.72
DE00094_2,O00094,out_for_delivery,2026-04-16 21:00:00,DR007,27.8
DE00094_3,O00094,delivered,2026-04-16 22:37:00,DR021,18.13
DE00095_0,O00095,assigned,2026-04-15 11:03:00,DR002,8.39
DE00095_1,O00095,picked_up,2026-04-15 11:23:00,DR030,4.95
DE00095_2,O00095,out_for_delivery,2026-04-15 11:21:00,DR020,6.39
DE00096_0,O00096,ASSIGNED,2026-04-04 15:29:00,DR010,19.9
DE00096_1,O00096,PICKED_UP,2026-04-04 15:51:00,DR008,10.08
DE00096_2,O00096,OUT_FOR_DELIVERY,2026-04-04 16:45:00,DR002,14.77
DE00096_3,O00096,DELIVERED,2026-04-04 16:02:00,DR010,3.97
DE00097_0,O00097,assigned,2026-04-24 13:47:00,DR008,9.64
DE00097_1,O00097,picked_up,2026-04-24 13:58:00,DR006,2.1
DE00097_2,O00097,out_for_delivery,2026-04-24 14:09:00,DR022,21.11
DE00097_3,O00097,delivered,2026-04-24 14:50:00,DR010,13.75
DE00098_0,O00098,assigned,2026-04-07 16:21:00,DR016,10.82
DE00098_1,O00098,picked_up,2026-04-07 16:48:00,DR004,3.62
DE00098_2,O00098,out_for_delivery,2026-04-07 16:37:00,DR022,15.9
DE00099_0,O00099,assigned,2026-04-09 14:39:00,DR024,22.03
DE00099_1,O00099,picked_up,2026-04-09 15:20:00,DR020,11.03
DE00099_2,O00099,out_for_delivery,2026-04-09 15:29:00,DR007,16.78
DE00099_3,O00099,delivered,2026-04-09 15:18:00,DR029,3.87
DE00100_0,O00100,assigned,2026-04-08 09:42:00,DR007,20.03
DE00100_1,O00100,picked_up,2026-04-08 09:56:00,DR003,26.43
DE00100_2,O00100,out_for_delivery,2026-04-08 10:40:00,DR010,20.58
DE00100_3,O00100,delivered,2026-04-08 10:42:00,DR018,20.46
DE00100_4,O00100,cancelled,2026-04-08 10:22:00,DR005,6.18
DE00101_0,O00101,assigned,2026-05-06 21:08:00,DR012,25.16
DE00101_1,O00101,picked_up,2026-05-06 21:44:00,DR021,20.37
DE00101_2,O00101,out_for_delivery,2026-05-06 22:18:00,DR003,14.04
DE00101_3,O00101,delivered,2026-05-06 23:11:00,DR030,26.72
DE00102_0,O00102,assigned,2026-04-02 11:50:00,DR023,27.12
DE00102_1,O00102,picked_up,2026-04-02 12:16:00,DR002,26.81
DE00102_2,O00102,out_for_delivery,2026-04-02 12:12:00,DR026,27.26
DE00102_3,O00102,delivered,2026-04-02 12:50:00,DR024,22.99
DE00102_4,O00102,cancelled,2026-04-02 14:26:00,DR022,15.38
DE00103_0,O00103,assigned,2026-05-04 01:34:00,DR015,21.27
DE00103_1,O00103,picked_up,2026-05-04 02:06:00,DR018,22.04
DE00103_2,O00103,out_for_delivery,2026-05-04 02:40:00,DR020,8.33
DE00104_0,O00104,assigned,2026-04-12 09:03:00,DR007,16.99
DE00104_1,O00104,picked_up,2026-04-12 09:11:00,DR029,26.07
DE00104_2,O00104,out_for_delivery,2026-04-12 10:23:00,DR015,14.6
DE00105_0,O00105,assigned,2026-05-04 13:25:00,DR010,20.12
DE00105_1,O00105,picked_up,2026-05-04 14:08:00,DR004,5.62
DE00105_2,O00105,out_for_delivery,2026-05-04 13:45:00,DR018,7.43
DE00105_3,O00105,delivered,2026-05-04 13:55:00,DR021,5.0
DE00106_0,O00106,assigned,2026-04-19 00:49:00,DR028,22.35
DE00106_1,O00106,picked_up,2026-04-19 01:12:00,DR027,6.67
DE00106_2,O00106,out_for_delivery,2026-04-19 01:19:00,DR001,18.51
DE00107_0,O00107,assigned,2026-04-24 14:32:00,DR009,20.5
DE00107_1,O00107,picked_up,2026-04-24 15:06:00,DR029,17.51
DE00107_2,O00107,out_for_delivery,2026-04-24 15:28:00,DR002,17.9
DE00108_0,O00108,ASSIGNED,2026-04-01 23:03:00,DR024,27.06
DE00108_1,O00108,PICKED_UP,2026-04-01 23:22:00,DR009,27.23
DE00108_2,O00108,OUT_FOR_DELIVERY,2026-04-02 00:27:00,DR022,27.43
DE00108_3,O00108,DELIVERED,2026-04-02 01:18:00,DR004,20.51
DE00109_0,O00109,assigned,2026-04-26 01:08:00,DR028,17.91
DE00109_1,O00109,picked_up,2026-04-26 01:51:00,DR007,23.05
DE00109_2,O00109,out_for_delivery,2026-04-26 01:52:00,DR011,8.26
DE00109_3,O00109,delivered,2026-04-26 03:23:00,DR021,22.81
DE00109_4,O00109,cancelled,2026-04-26 03:20:00,DR005,13.04
DE00110_0,O00110,assigned,2026-04-28 15:17:00,DR003,14.39
DE00110_1,O00110,picked_up,2026-04-28 15:54:00,DR006,23.02
DE00110_2,O00110,out_for_delivery,2026-04-28 15:55:00,DR007,16.38
DE00111_0,O00111,assigned,2026-04-12 20:03:00,DR010,5.4
DE00111_1,O00111,picked_up,2026-04-12 20:22:00,DR027,11.64
DE00111_2,O00111,out_for_delivery,2026-04-12 20:43:00,DR003,4.88
DE00111_3,O00111,delivered,2026-04-12 21:48:00,DR008,13.29
DE00112_0,O00112,assigned,2026-04-26 10:42:00,DR005,20.62
DE00112_1,O00112,picked_up,2026-04-26 10:50:00,DR020,3.69
DE00112_2,O00112,out_for_delivery,2026-04-26 11:46:00,DR001,3.97
DE00112_3,O00112,delivered,2026-04-26 11:06:00,DR025,23.42
DE00112_4,O00112,cancelled,2026-04-26 11:22:00,DR005,7.71
DE00113_0,O00113,assigned,2026-04-06 13:34:00,DR026,27.09
DE00113_1,O00113,picked_up,2026-04-06 13:48:00,DR018,20.88
DE00113_2,O00113,out_for_delivery,2026-04-06 14:32:00,DR028,20.1
DE00114_0,O00114,assigned,2026-04-13 11:22:00,DR029,13.0
DE00114_1,O00114,picked_up,2026-04-13 11:40:00,DR010,9.96
DE00114_2,O00114,out_for_delivery,2026-04-13 11:56:00,DR008,2.51
DE00114_3,O00114,delivered,2026-04-13 12:37:00,DR021,15.68
DE00115_0,O00115,assigned,2026-04-02 23:04:00,DR018,9.01
DE00115_1,O00115,picked_up,2026-04-02 23:44:00,DR029,23.59
DE00115_2,O00115,out_for_delivery,2026-04-02 23:38:00,DR001,25.63
DE00116_0,O00116,assigned,2026-04-02 12:52:00,DR005,10.54
DE00116_1,O00116,picked_up,2026-04-02 13:18:00,DR008,25.89
DE00116_2,O00116,out_for_delivery,2026-04-02 13:56:00,DR022,24.87
DE00116_3,O00116,delivered,2026-04-02 13:37:00,DR016,5.58
DE00117_0,O00117,assigned,2026-04-08 12:49:00,DR012,3.06
DE00117_1,O00117,picked_up,2026-04-08 13:18:00,DR004,10.73
DE00117_2,O00117,out_for_delivery,2026-04-08 13:15:00,DR029,2.17
DE00118_0,O00118,assigned,2026-04-10 12:02:00,DR011,17.19
DE00118_1,O00118,picked_up,2026-04-10 12:37:00,DR005,25.11
DE00118_2,O00118,out_for_delivery,2026-04-10 12:56:00,DR020,23.07
DE00118_3,O00118,delivered,2026-04-10 13:32:00,DR029,3.81
DE00119_0,O00119,assigned,2026-05-02 20:17:00,DR026,25.49
DE00119_1,O00119,picked_up,2026-05-02 20:29:00,DR026,1.06
DE00119_2,O00119,out_for_delivery,2026-05-02 20:51:00,DR025,18.71
DE00119_3,O00119,delivered,2026-05-02 21:41:00,DR005,11.55
DE00120_0,O00120,ASSIGNED,2026-05-01 22:54:00,DR019,12.54
DE00120_1,O00120,PICKED_UP,2026-05-01 23:19:00,DR005,3.44
DE00120_2,O00120,OUT_FOR_DELIVERY,2026-05-01 23:26:00,DR006,21.72
DE00121_0,O00121,assigned,2026-04-23 14:26:00,DR016,19.72
DE00121_1,O00121,picked_up,2026-04-23 15:00:00,DR020,22.42
DE00121_2,O00121,out_for_delivery,2026-04-23 15:24:00,DR005,22.66
DE00121_3,O00121,delivered,2026-04-23 15:35:00,DR013,12.3
DE00122_0,O99999,assigned,2026-05-02 18:11:00,DR018,15.48
DE00122_1,O99999,picked_up,2026-05-02 18:33:00,DR013,3.26
DE00122_2,O99999,out_for_delivery,2026-05-02 19:19:00,DR017,16.6
DE00122_3,O99999,delivered,2026-05-02 19:17:00,DR023,3.36
DE00122_4,O99999,cancelled,2026-05-02 20:15:00,DR001,6.49
DE00123_0,O00123,assigned,2026-04-02 15:11:00,DR005,25.86
DE00123_1,O00123,picked_up,2026-04-02 15:22:00,DR030,10.43
DE00123_2,O00123,out_for_delivery,2026-04-02 15:43:00,DR010,13.43
DE00123_3,O00123,delivered,2026-04-02 17:20:00,DR030,25.65
DE00123_4,O00123,cancelled,2026-04-02 16:43:00,DR007,23.35
DE00124_0,O00124,assigned,2026-04-04 21:44:00,DR023,20.01
DE00124_1,O00124,picked_up,2026-04-04 22:16:00,DR024,1.71
DE00124_2,O00124,out_for_delivery,2026-04-04 22:54:00,DR012,2.46
DE00125_0,O00125,assigned,2026-04-07 20:18:00,DR016,23.61
DE00125_1,O00125,picked_up,2026-04-07 20:36:00,DR001,4.97
DE00125_2,O00125,out_for_delivery,2026-04-07 20:52:00,DR003,7.62
DE00125_3,O00125,delivered,2026-04-07 20:42:00,DR019,23.44
DE00125_4,O00125,cancelled,2026-04-07 22:34:00,DR005,21.67
DE00126_0,O00126,assigned,2026-05-01 21:41:00,DR023,26.62
DE00126_1,O00126,picked_up,2026-05-01 22:19:00,DR014,20.51
DE00126_2,O00126,out_for_delivery,2026-05-01 22:53:00,DR026,18.41
DE00127_0,O00127,assigned,2026-04-01 13:53:00,DR002,24.79
DE00127_1,O00127,picked_up,2026-04-01 14:03:00,DR020,21.28
DE00127_2,O00127,out_for_delivery,2026-04-01 15:13:00,DR006,1.29
DE00128_0,O00128,assigned,2026-04-28 20:36:00,DR023,23.4
DE00128_1,O00128,picked_up,2026-04-28 21:20:00,DR017,9.26
DE00128_2,O00128,out_for_delivery,2026-04-28 21:20:00,DR014,26.15
DE00128_3,O00128,delivered,2026-04-28 21:51:00,DR003,15.08
DE00129_0,O00129,assigned,2026-04-09 21:40:00,DR020,2.51
DE00129_1,O00129,picked_up,2026-04-09 22:13:00,DR006,23.21
DE00129_2,O00129,out_for_delivery,2026-04-09 23:06:00,DR020,23.73
DE00130_0,O00130,assigned,2026-04-30 17:08:00,DR027,11.27
DE00130_1,O00130,picked_up,2026-04-30 17:19:00,DR026,11.03
DE00130_2,O00130,out_for_delivery,2026-04-30 18:18:00,DR007,8.29
DE00130_3,O00130,delivered,2026-04-30 17:50:00,DR003,10.79
DE00131_0,O00131,assigned,2026-04-22 09:28:00,DR006,15.62
DE00131_1,O00131,picked_up,2026-04-22 09:40:00,DR007,17.12
DE00131_2,O00131,out_for_delivery,2026-04-22 10:22:00,DR007,15.9
DE00132_0,O00132,ASSIGNED,2026-04-03 13:06:00,DR019,16.25
DE00132_1,O00132,PICKED_UP,2026-04-03 13:50:00,DR026,14.06
DE00132_2,O00132,OUT_FOR_DELIVERY,2026-04-03 13:28:00,DR011,3.52
DE00132_3,O00132,DELIVERED,2026-04-03 14:27:00,DR001,27.47
DE00133_0,O00133,assigned,2026-04-20 01:21:00,DR007,9.49
DE00133_1,O00133,picked_up,2026-04-20 01:54:00,DR024,10.61
DE00133_2,O00133,out_for_delivery,2026-04-20 01:53:00,DR023,19.22
DE00133_3,O00133,delivered,2026-04-20 02:48:00,DR014,25.21
DE00134_0,O00134,assigned,bad-date,DR026,21.93
DE00134_1,O00134,picked_up,bad-date,DR001,16.85
DE00134_2,O00134,out_for_delivery,bad-date,DR013,13.88
DE00134_3,O00134,delivered,bad-date,DR028,24.0
DE00134_4,O00134,cancelled,bad-date,DR010,5.35
DE00135_0,O00135,assigned,2026-04-30 10:20:00,DR023,7.25
DE00135_1,O00135,picked_up,2026-04-30 10:41:00,DR026,19.4
DE00135_2,O00135,out_for_delivery,2026-04-30 10:54:00,DR025,20.4
DE00135_3,O00135,delivered,2026-04-30 12:20:00,DR017,27.79
DE00135_4,O00135,cancelled,2026-04-30 13:04:00,DR030,21.75
DE00136_0,O00136,assigned,2026-04-29 22:24:00,DR010,10.73
DE00136_1,O00136,picked_up,2026-04-29 22:59:00,DR002,25.05
DE00136_2,O00136,out_for_delivery,2026-04-29 23:28:00,DR008,6.64
DE00137_0,O00137,assigned,2026-04-06 01:21:00,DR021,27.85
DE00137_1,O00137,picked_up,2026-04-06 01:35:00,DR026,1.4
DE00137_2,O00137,out_for_delivery,2026-04-06 02:15:00,DR018,24.42
DE00138_0,O00138,assigned,2026-04-06 17:30:00,DR011,5.58
DE00138_1,O00138,picked_up,2026-04-06 17:56:00,DR006,2.84
DE00138_2,O00138,out_for_delivery,2026-04-06 18:58:00,DR012,10.54
DE00139_0,O00139,assigned,2026-04-05 12:03:00,DR009,27.63
DE00139_1,O00139,picked_up,2026-04-05 12:27:00,DR025,24.67
DE00139_2,O00139,out_for_delivery,2026-04-05 12:35:00,DR004,27.24
DE00139_3,O00139,delivered,2026-04-05 14:00:00,DR002,10.81
DE00139_4,O00139,cancelled,2026-04-05 13:47:00,DR013,12.04
DE00140_0,O00140,assigned,2026-04-09 16:31:00,DR028,17.87
DE00140_1,O00140,picked_up,2026-04-09 16:59:00,DR012,3.25
DE00140_2,O00140,out_for_delivery,2026-04-09 17:39:00,DR017,13.15
DE00140_3,O00140,delivered,2026-04-09 17:01:00,DR020,27.39
DE00141_0,O00141,assigned,2026-04-04 21:38:00,DR001,5.17
DE00141_1,O00141,picked_up,2026-04-04 21:52:00,DR010,11.15
DE00141_2,O00141,out_for_delivery,2026-04-04 23:06:00,DR013,24.05
DE00142_0,O00142,assigned,2026-04-15 15:37:00,DR012,-5
DE00142_1,O00142,picked_up,2026-04-15 16:14:00,DR015,-5
DE00142_2,O00142,out_for_delivery,2026-04-15 17:01:00,DR029,-5
DE00142_3,O00142,delivered,2026-04-15 17:28:00,DR004,-5
DE00143_0,O00143,assigned,2026-04-06 12:04:00,DR030,26.91
DE00143_1,O00143,picked_up,2026-04-06 12:37:00,DR025,12.69
DE00143_2,O00143,out_for_delivery,2026-04-06 13:10:00,DR011,2.74
DE00143_3,O00143,delivered,2026-04-06 13:31:00,DR020,14.13
DE00143_4,O00143,cancelled,2026-04-06 14:36:00,DR004,8.52
DE00144_0,O00144,ASSIGNED,2026-04-03 18:18:00,DR005,18.29
DE00144_1,O00144,PICKED_UP,2026-04-03 18:46:00,DR019,1.85
DE00144_2,O00144,OUT_FOR_DELIVERY,2026-04-03 19:22:00,DR002,26.28
DE00145_0,O00145,assigned,2026-04-24 22:28:00,DR007,2.46
DE00145_1,O00145,picked_up,2026-04-24 22:37:00,DR025,19.46
DE00145_2,O00145,out_for_delivery,2026-04-24 23:18:00,DR009,18.16
DE00145_3,O00145,delivered,2026-04-24 23:07:00,DR005,2.87
DE00146_0,O00146,assigned,2026-04-26 10:23:00,DR028,12.33
DE00146_1,O00146,picked_up,2026-04-26 10:44:00,DR022,25.11
DE00146_2,O00146,out_for_delivery,2026-04-26 11:01:00,DR027,2.45
DE00146_3,O00146,delivered,2026-04-26 12:08:00,DR011,27.01
DE00147_0,O00147,assigned,2026-04-20 11:48:00,DR014,14.0
DE00147_1,O00147,picked_up,2026-04-20 12:30:00,DR023,22.16
DE00147_2,O00147,out_for_delivery,2026-04-20 12:58:00,DR012,25.64
DE00148_0,O00148,assigned,2026-04-25 23:02:00,DR026,25.13
DE00148_1,O00148,picked_up,2026-04-25 23:22:00,DR003,20.51
DE00148_2,O00148,out_for_delivery,2026-04-26 00:32:00,DR020,4.9
DE00149_0,O00149,assigned,2026-04-21 09:14:00,DR030,4.98
DE00149_1,O00149,picked_up,2026-04-21 09:42:00,DR004,22.38
DE00149_2,O00149,out_for_delivery,2026-04-21 10:22:00,DR009,15.06
DE00150_0,O00150,assigned,2026-04-01 16:41:00,DR021,27.18
DE00150_1,O00150,picked_up,2026-04-01 16:55:00,DR002,6.9
DE00150_2,O00150,out_for_delivery,2026-04-01 17:21:00,DR014,19.8
DE00151_0,O00151,assigned,2026-04-11 19:15:00,DR012,6.66
DE00151_1,O00151,picked_up,2026-04-11 19:35:00,DR022,16.57
DE00151_2,O00151,out_for_delivery,2026-04-11 19:31:00,DR012,22.97
DE00151_3,O00151,delivered,2026-04-11 19:42:00,DR010,25.21
DE00152_0,O00152,assigned,2026-05-03 22:58:00,DR021,27.97
DE00152_1,O00152,picked_up,2026-05-03 23:32:00,DR014,10.5
DE00152_2,O00152,out_for_delivery,2026-05-04 00:22:00,DR014,15.13
DE00153_0,O00153,assigned,2026-04-22 10:56:00,DR014,11.07
DE00153_1,O00153,picked_up,2026-04-22 11:39:00,DR020,5.39
DE00153_2,O00153,out_for_delivery,2026-04-22 12:06:00,DR013,8.7
DE00154_0,O00154,assigned,2026-04-28 19:49:00,DR003,22.76
DE00154_1,O00154,picked_up,2026-04-28 20:03:00,DR003,18.54
DE00154_2,O00154,out_for_delivery,2026-04-28 20:57:00,DR004,14.4
DE00154_3,O00154,delivered,2026-04-28 21:55:00,DR004,18.11
DE00155_0,O00155,assigned,2026-05-03 18:55:00,DR028,12.36
DE00155_1,O00155,picked_up,2026-05-03 19:17:00,DR025,13.28
DE00155_2,O00155,out_for_delivery,2026-05-03 19:59:00,DR004,6.28
DE00156_0,O00156,ASSIGNED,2026-05-02 01:13:00,DR026,25.68
DE00156_1,O00156,PICKED_UP,2026-05-02 01:47:00,DR030,23.15
DE00156_2,O00156,OUT_FOR_DELIVERY,2026-05-02 02:19:00,DR001,26.37
DE00157_0,O00157,assigned,2026-04-15 17:39:00,DR029,18.78
DE00157_1,O00157,picked_up,2026-04-15 18:06:00,DR027,25.37
DE00157_2,O00157,out_for_delivery,2026-04-15 18:47:00,DR022,7.52
DE00157_3,O00157,delivered,2026-04-15 19:21:00,DR002,1.42
DE00158_0,O00158,assigned,2026-04-10 22:29:00,DR027,21.01
DE00158_1,O00158,picked_up,2026-04-10 22:57:00,DR011,5.6
DE00158_2,O00158,out_for_delivery,2026-04-10 23:57:00,DR014,7.53
DE00158_3,O00158,delivered,2026-04-11 00:08:00,DR007,17.64
DE00159_0,O00159,assigned,2026-04-26 23:08:00,DR014,4.48
DE00159_1,O00159,picked_up,2026-04-26 23:40:00,DR024,5.69
DE00159_2,O00159,out_for_delivery,2026-04-27 00:04:00,DR017,5.28
DE00160_0,O00160,assigned,2026-04-15 10:41:00,DR017,4.2
DE00160_1,O00160,picked_up,2026-04-15 11:25:00,DR026,11.58
DE00160_2,O00160,out_for_delivery,2026-04-15 11:29:00,DR027,15.93
DE00160_3,O00160,delivered,2026-04-15 12:05:00,DR007,3.52
DE00160_4,O00160,cancelled,2026-04-15 11:17:00,DR014,1.31
DE00161_0,O00161,assigned,2026-04-10 09:28:00,DR030,27.25
DE00161_1,O00161,picked_up,2026-04-10 10:12:00,DR013,1.68
DE00161_2,O00161,out_for_delivery,2026-04-10 10:00:00,DR015,18.13
DE00161_3,O00161,delivered,2026-04-10 10:58:00,DR006,7.47
DE00161_4,O00161,cancelled,2026-04-10 10:56:00,DR010,6.23
DE00162_0,O00162,assigned,2026-04-16 21:23:00,DR022,2.4
DE00162_1,O00162,picked_up,2026-04-16 21:36:00,DR030,4.88
DE00162_2,O00162,out_for_delivery,2026-04-16 21:41:00,DR021,27.59
DE00162_3,O00162,delivered,2026-04-16 22:05:00,DR004,13.4
DE00163_0,O00163,assigned,2026-04-08 10:49:00,DR009,25.15
DE00163_1,O00163,picked_up,2026-04-08 11:02:00,DR003,14.34
DE00163_2,O00163,out_for_delivery,2026-04-08 11:51:00,DR030,23.63
DE00164_0,O00164,assigned,2026-04-26 10:43:00,DR014,2.99
DE00164_1,O00164,picked_up,2026-04-26 10:55:00,DR007,19.56
DE00164_2,O00164,out_for_delivery,2026-04-26 11:47:00,DR029,9.47
DE00164_3,O00164,delivered,2026-04-26 12:31:00,DR026,5.35
DE00165_0,O00165,assigned,2026-04-20 09:10:00,DR021,17.38
DE00165_1,O00165,picked_up,2026-04-20 09:20:00,DR004,27.35
DE00165_2,O00165,out_for_delivery,2026-04-20 10:10:00,DR016,27.86
DE00166_0,O00166,assigned,2026-05-05 09:05:00,DR024,7.87
DE00166_1,O00166,picked_up,2026-05-05 09:20:00,DR007,17.36
DE00166_2,O00166,out_for_delivery,2026-05-05 10:29:00,DR001,14.99
DE00167_0,O00167,assigned,2026-04-10 12:41:00,DR029,6.86
DE00167_1,O00167,picked_up,2026-04-10 13:09:00,DR005,6.93
DE00167_2,O00167,out_for_delivery,2026-04-10 13:13:00,DR009,8.39
DE00167_3,O00167,delivered,2026-04-10 13:41:00,DR003,10.41
DE00168_0,O00168,ASSIGNED,2026-05-06 20:07:00,DR024,22.84
DE00168_1,O00168,PICKED_UP,2026-05-06 20:42:00,DR017,26.55
DE00168_2,O00168,OUT_FOR_DELIVERY,2026-05-06 20:47:00,DR009,5.67
DE00168_3,O00168,DELIVERED,2026-05-06 21:22:00,DR013,3.78
DE00169_0,O00169,assigned,2026-04-20 11:49:00,DR014,24.84
DE00169_1,O00169,picked_up,2026-04-20 12:24:00,DR020,21.17
DE00169_2,O00169,out_for_delivery,2026-04-20 12:45:00,DR020,3.9
DE00170_0,O00170,assigned,2026-04-25 16:19:00,DR012,11.1
DE00170_1,O00170,picked_up,2026-04-25 16:31:00,DR015,5.52
DE00170_2,O00170,out_for_delivery,2026-04-25 16:39:00,DR017,7.83
DE00171_0,O00171,assigned,2026-04-27 14:00:00,DR012,11.75
DE00171_1,O00171,picked_up,2026-04-27 14:15:00,DR006,22.84
DE00171_2,O00171,out_for_delivery,2026-04-27 15:10:00,DR026,6.02
DE00171_3,O00171,delivered,2026-04-27 15:09:00,DR003,6.81
DE00171_4,O00171,cancelled,2026-04-27 16:04:00,DR012,4.92
DE00172_0,O00172,assigned,2026-04-21 11:05:00,DR023,1.29
DE00172_1,O00172,picked_up,2026-04-21 11:34:00,DR007,13.57
DE00172_2,O00172,out_for_delivery,2026-04-21 12:01:00,DR029,7.28
DE00173_0,O00173,assigned,2026-04-05 15:34:00,DR017,6.87
DE00173_1,O00173,picked_up,2026-04-05 16:17:00,DR009,20.34
DE00173_2,O00173,out_for_delivery,2026-04-05 15:58:00,DR019,25.1
DE00173_3,O00173,delivered,2026-04-05 17:16:00,DR022,21.42
DE00174_0,O00174,assigned,2026-04-21 22:52:00,DR007,2.34
DE00174_1,O00174,picked_up,2026-04-21 23:31:00,DR016,2.26
DE00174_2,O00174,out_for_delivery,2026-04-21 23:42:00,DR014,4.22
DE00174_3,O00174,delivered,2026-04-22 00:40:00,DR006,17.24
DE00175_0,O00175,assigned,2026-04-25 13:02:00,DR010,1.48
DE00175_1,O00175,picked_up,2026-04-25 13:46:00,DR001,25.61
DE00175_2,O00175,out_for_delivery,2026-04-25 13:54:00,DR005,23.72
DE00175_3,O00175,delivered,2026-04-25 14:41:00,DR002,25.19
DE00175_4,O00175,cancelled,2026-04-25 15:46:00,DR002,10.11
DE00176_0,O00176,assigned,2026-04-02 10:11:00,DR027,22.67
DE00176_1,O00176,picked_up,2026-04-02 10:38:00,DR009,9.56
DE00176_2,O00176,out_for_delivery,2026-04-02 11:11:00,DR013,3.15
DE00176_3,O00176,delivered,2026-04-02 11:35:00,DR016,17.53
DE00177_0,O00177,assigned,2026-04-26 14:05:00,DR016,23.91
DE00177_1,O00177,picked_up,2026-04-26 14:20:00,DR027,11.1
DE00177_2,O00177,out_for_delivery,2026-04-26 14:33:00,DR001,7.05
DE00177_3,O00177,delivered,2026-04-26 14:29:00,DR005,3.84
DE00177_4,O00177,cancelled,2026-04-26 15:57:00,DR028,19.57
DE00178_0,O00178,assigned,2026-04-28 12:51:00,DR007,20.55
DE00178_1,O00178,picked_up,2026-04-28 13:22:00,DR027,25.38
DE00178_2,O00178,out_for_delivery,2026-04-28 13:07:00,DR030,19.58
DE00179_0,O00179,assigned,2026-04-04 13:25:00,DR002,26.57
DE00179_1,O00179,picked_up,2026-04-04 13:37:00,DR009,9.89
DE00179_2,O00179,out_for_delivery,2026-04-04 14:29:00,DR009,19.86
DE00180_0,O00180,ASSIGNED,2026-04-09 18:57:00,DR005,9.62
DE00180_1,O00180,PICKED_UP,2026-04-09 19:14:00,DR025,16.77
DE00180_2,O00180,OUT_FOR_DELIVERY,2026-04-09 20:05:00,DR021,13.06
DE00180_3,O00180,DELIVERED,2026-04-09 19:42:00,DR017,15.24
DE00181_0,O00181,assigned,2026-05-01 20:17:00,DR011,21.86
DE00181_1,O00181,picked_up,2026-05-01 20:55:00,DR008,3.48
DE00181_2,O00181,out_for_delivery,2026-05-01 21:09:00,DR023,3.24
DE00181_3,O00181,delivered,2026-05-01 22:26:00,DR027,24.57
DE00182_0,O00182,assigned,2026-04-14 20:51:00,DR016,2.63
DE00182_1,O00182,picked_up,2026-04-14 20:59:00,DR022,6.84
DE00182_2,O00182,out_for_delivery,2026-04-14 21:55:00,DR007,14.17
DE00183_0,O99999,assigned,2026-04-22 12:33:00,DR017,24.18
DE00183_1,O99999,picked_up,2026-04-22 13:00:00,DR023,13.26
DE00183_2,O99999,out_for_delivery,2026-04-22 13:07:00,DR028,14.62
DE00183_3,O99999,delivered,2026-04-22 13:21:00,DR008,25.75
DE00183_4,O99999,cancelled,2026-04-22 14:41:00,DR015,24.43
DE00184_0,O00184,assigned,2026-05-03 12:27:00,DR003,8.5
DE00184_1,O00184,picked_up,2026-05-03 12:45:00,DR022,9.29
DE00184_2,O00184,out_for_delivery,2026-05-03 13:55:00,DR021,3.76
DE00184_3,O00184,delivered,2026-05-03 14:18:00,DR029,3.89
DE00185_0,O00185,assigned,2026-04-08 13:06:00,DR006,8.2
DE00185_1,O00185,picked_up,2026-04-08 13:44:00,DR022,15.33
DE00185_2,O00185,out_for_delivery,2026-04-08 14:06:00,DR009,4.19
DE00186_0,O00186,assigned,2026-05-06 10:26:00,DR007,5.07
DE00186_1,O00186,picked_up,2026-05-06 11:06:00,DR014,14.71
DE00186_2,O00186,out_for_delivery,2026-05-06 10:48:00,DR015,8.36
DE00186_3,O00186,delivered,2026-05-06 11:08:00,DR002,18.51
DE00187_0,O00187,assigned,2026-04-28 12:18:00,DR013,5.77
DE00187_1,O00187,picked_up,2026-04-28 12:43:00,DR017,17.4
DE00187_2,O00187,out_for_delivery,2026-04-28 13:40:00,DR014,3.95
DE00187_3,O00187,delivered,2026-04-28 12:51:00,DR021,7.72
DE00188_0,O00188,assigned,2026-04-08 12:44:00,DR029,1.96
DE00188_1,O00188,picked_up,2026-04-08 13:09:00,DR008,2.78
DE00188_2,O00188,out_for_delivery,2026-04-08 13:12:00,DR009,7.11
DE00189_0,O00189,assigned,2026-04-26 15:41:00,DR008,20.82
DE00189_1,O00189,picked_up,2026-04-26 16:06:00,DR016,6.55
DE00189_2,O00189,out_for_delivery,2026-04-26 16:23:00,DR012,18.2
DE00189_3,O00189,delivered,2026-04-26 16:59:00,DR024,1.08
DE00190_0,O00190,assigned,2026-04-12 17:35:00,DR024,9.24
DE00190_1,O00190,picked_up,2026-04-12 17:58:00,DR006,9.51
DE00190_2,O00190,out_for_delivery,2026-04-12 17:59:00,DR006,6.06
DE00190_3,O00190,delivered,2026-04-12 19:26:00,DR005,26.98
DE00190_4,O00190,cancelled,2026-04-12 20:07:00,DR014,10.02
DE00191_0,O00191,assigned,2026-04-13 01:37:00,DR006,19.34
DE00191_1,O00191,picked_up,2026-04-13 01:45:00,DR020,10.51
DE00191_2,O00191,out_for_delivery,2026-04-13 02:53:00,DR019,1.03
DE00191_3,O00191,delivered,2026-04-13 02:46:00,DR016,3.95
DE00192_0,O00192,ASSIGNED,2026-04-02 18:40:00,DR027,7.16
DE00192_1,O00192,PICKED_UP,2026-04-02 19:20:00,DR006,21.38
DE00192_2,O00192,OUT_FOR_DELIVERY,2026-04-02 19:08:00,DR004,9.22
DE00192_3,O00192,DELIVERED,2026-04-02 20:07:00,DR015,14.25
DE00192_4,O00192,CANCELLED,2026-04-02 20:40:00,DR018,7.95
DE00193_0,O00193,assigned,2026-05-02 13:19:00,DR001,23.35
DE00193_1,O00193,picked_up,2026-05-02 13:46:00,DR023,10.01
DE00193_2,O00193,out_for_delivery,2026-05-02 14:41:00,DR025,18.93
DE00193_3,O00193,delivered,2026-05-02 15:13:00,DR004,8.29
DE00194_0,O00194,assigned,2026-05-04 21:25:00,DR005,27.42
DE00194_1,O00194,picked_up,2026-05-04 21:47:00,DR022,27.84
DE00194_2,O00194,out_for_delivery,2026-05-04 22:25:00,DR016,1.83
DE00194_3,O00194,delivered,2026-05-04 23:37:00,DR024,19.79
DE00194_4,O00194,cancelled,2026-05-04 23:45:00,DR012,6.57
DE00195_0,O00195,assigned,2026-04-06 12:18:00,DR009,24.68
DE00195_1,O00195,picked_up,2026-04-06 13:00:00,DR029,25.63
DE00195_2,O00195,out_for_delivery,2026-04-06 13:40:00,DR006,8.16
DE00195_3,O00195,delivered,2026-04-06 13:48:00,DR029,9.94
DE00196_0,O00196,assigned,2026-04-28 01:07:00,DR007,2.11
DE00196_1,O00196,picked_up,2026-04-28 01:48:00,DR023,10.27
DE00196_2,O00196,out_for_delivery,2026-04-28 01:37:00,DR014,22.47
DE00196_3,O00196,delivered,2026-04-28 03:19:00,DR026,22.39
DE00197_0,O00197,assigned,2026-04-19 10:52:00,DR030,19.51
DE00197_1,O00197,picked_up,2026-04-19 11:29:00,DR022,5.06
DE00197_2,O00197,out_for_delivery,2026-04-19 11:44:00,DR020,16.07
DE00198_0,O00198,assigned,2026-04-11 14:10:00,DR003,22.59
DE00198_1,O00198,picked_up,2026-04-11 14:18:00,DR015,2.11
DE00198_2,O00198,out_for_delivery,2026-04-11 15:02:00,DR027,17.01
DE00198_3,O00198,delivered,2026-04-11 14:43:00,DR016,9.26
DE00199_0,O00199,assigned,2026-04-28 15:00:00,DR002,7.79
DE00199_1,O00199,picked_up,2026-04-28 15:30:00,DR029,8.65
DE00199_2,O00199,out_for_delivery,2026-04-28 16:20:00,DR022,26.88
DE00199_3,O00199,delivered,2026-04-28 17:09:00,DR005,26.75
DE00199_4,O00199,cancelled,2026-04-28 16:40:00,DR005,27.89
DE00200_0,O00200,assigned,2026-04-13 16:22:00,DR010,6.91
DE00200_1,O00200,picked_up,2026-04-13 17:00:00,DR030,10.58
DE00200_2,O00200,out_for_delivery,2026-04-13 17:26:00,DR014,11.78
DE00200_3,O00200,delivered,2026-04-13 17:04:00,DR029,8.05
DE00200_4,O00200,cancelled,2026-04-13 18:10:00,DR020,9.39
DE00201_0,O00201,assigned,bad-date,DR026,16.61
DE00201_1,O00201,picked_up,bad-date,DR022,21.73
DE00201_2,O00201,out_for_delivery,bad-date,DR009,4.66
DE00201_3,O00201,delivered,bad-date,DR018,6.39
DE00202_0,O00202,assigned,2026-04-20 10:27:00,DR030,17.96
DE00202_1,O00202,picked_up,2026-04-20 11:09:00,DR006,11.15
DE00202_2,O00202,out_for_delivery,2026-04-20 11:37:00,DR004,4.74
DE00202_3,O00202,delivered,2026-04-20 12:15:00,DR023,9.46
DE00203_0,O00203,assigned,2026-04-23 16:59:00,DR015,12.35
DE00203_1,O00203,picked_up,2026-04-23 17:33:00,DR015,1.75
DE00203_2,O00203,out_for_delivery,2026-04-23 18:25:00,DR001,26.85
DE00203_3,O00203,delivered,2026-04-23 18:41:00,DR003,21.41
DE00204_0,O00204,ASSIGNED,2026-04-20 22:25:00,DR017,11.07
DE00204_1,O00204,PICKED_UP,2026-04-20 23:07:00,DR029,16.27
DE00204_2,O00204,OUT_FOR_DELIVERY,2026-04-20 23:17:00,DR002,21.39
DE00205_0,O00205,assigned,2026-04-26 11:08:00,DR015,22.8
DE00205_1,O00205,picked_up,2026-04-26 11:49:00,DR015,23.66
DE00205_2,O00205,out_for_delivery,2026-04-26 11:34:00,DR002,8.29
DE00205_3,O00205,delivered,2026-04-26 11:50:00,DR011,17.05
DE00206_0,O00206,assigned,2026-04-19 18:39:00,DR028,2.64
DE00206_1,O00206,picked_up,2026-04-19 19:24:00,DR022,14.79
DE00206_2,O00206,out_for_delivery,2026-04-19 19:01:00,DR023,6.54
DE00206_3,O00206,delivered,2026-04-19 19:30:00,DR018,20.99
DE00207_0,O00207,assigned,2026-05-02 11:19:00,DR010,17.96
DE00207_1,O00207,picked_up,2026-05-02 11:27:00,DR026,14.09
DE00207_2,O00207,out_for_delivery,2026-05-02 11:59:00,DR004,2.81
DE00208_0,O00208,assigned,2026-04-10 19:18:00,DR004,7.67
DE00208_1,O00208,picked_up,2026-04-10 19:32:00,DR016,1.67
DE00208_2,O00208,out_for_delivery,2026-04-10 20:38:00,DR015,11.55
DE00209_0,O00209,assigned,2026-04-08 14:07:00,DR006,23.15
DE00209_1,O00209,picked_up,2026-04-08 14:49:00,DR009,23.19
DE00209_2,O00209,out_for_delivery,2026-04-08 15:19:00,DR028,18.77
DE00209_3,O00209,delivered,2026-04-08 14:52:00,DR014,4.95
DE00210_0,O00210,assigned,2026-04-02 12:09:00,DR006,14.81
DE00210_1,O00210,picked_up,2026-04-02 12:51:00,DR007,13.86
DE00210_2,O00210,out_for_delivery,2026-04-02 13:01:00,DR010,19.02
DE00211_0,O00211,assigned,2026-05-02 15:16:00,DR013,11.42
DE00211_1,O00211,picked_up,2026-05-02 15:30:00,DR015,12.26
DE00211_2,O00211,out_for_delivery,2026-05-02 16:26:00,DR005,1.76
DE00211_3,O00211,delivered,2026-05-02 17:07:00,DR004,16.23
DE00211_4,O00211,cancelled,2026-05-02 15:48:00,DR019,9.17
DE00212_0,O00212,assigned,2026-04-29 09:43:00,DR015,24.83
DE00212_1,O00212,picked_up,2026-04-29 10:20:00,DR009,1.25
DE00212_2,O00212,out_for_delivery,2026-04-29 10:19:00,DR012,14.52
DE00212_3,O00212,delivered,2026-04-29 11:43:00,DR007,10.42
DE00213_0,O00213,assigned,2026-05-04 15:39:00,DR006,-5
DE00213_1,O00213,picked_up,2026-05-04 15:56:00,DR012,-5
DE00213_2,O00213,out_for_delivery,2026-05-04 17:07:00,DR011,-5
DE00213_3,O00213,delivered,2026-05-04 17:30:00,DR023,-5
DE00213_4,O00213,cancelled,2026-05-04 16:43:00,DR009,-5
DE00214_0,O00214,assigned,2026-04-21 00:45:00,DR030,23.66
DE00214_1,O00214,picked_up,2026-04-21 01:23:00,DR013,26.99
DE00214_2,O00214,out_for_delivery,2026-04-21 01:23:00,DR019,20.13
DE00214_3,O00214,delivered,2026-04-21 02:45:00,DR025,18.79
DE00215_0,O00215,assigned,2026-04-17 11:12:00,DR019,26.79
DE00215_1,O00215,picked_up,2026-04-17 11:42:00,DR019,17.67
DE00215_2,O00215,out_for_delivery,2026-04-17 12:18:00,DR003,2.21
DE00215_3,O00215,delivered,2026-04-17 12:06:00,DR008,3.61
DE00215_4,O00215,cancelled,2026-04-17 12:08:00,DR016,26.22
DE00216_0,O00216,ASSIGNED,2026-05-01 14:31:00,DR004,25.29
DE00216_1,O00216,PICKED_UP,2026-05-01 14:50:00,DR024,25.1
DE00216_2,O00216,OUT_FOR_DELIVERY,2026-05-01 15:39:00,DR030,2.74
DE00217_0,O00217,assigned,2026-04-17 10:57:00,DR015,21.61
DE00217_1,O00217,picked_up,2026-04-17 11:06:00,DR030,5.7
DE00217_2,O00217,out_for_delivery,2026-04-17 11:25:00,DR023,13.14
DE00218_0,O00218,assigned,2026-04-09 19:52:00,DR007,6.28
DE00218_1,O00218,picked_up,2026-04-09 20:31:00,DR015,19.33
DE00218_2,O00218,out_for_delivery,2026-04-09 20:36:00,DR007,21.04
DE00218_3,O00218,delivered,2026-04-09 21:37:00,DR027,15.27
DE00218_4,O00218,cancelled,2026-04-09 21:12:00,DR003,16.72
DE00219_0,O00219,assigned,2026-04-07 12:28:00,DR029,1.14
DE00219_1,O00219,picked_up,2026-04-07 13:02:00,DR019,15.76
DE00219_2,O00219,out_for_delivery,2026-04-07 12:52:00,DR011,6.0
DE00220_0,O00220,assigned,2026-05-04 17:28:00,DR019,23.34
DE00220_1,O00220,picked_up,2026-05-04 18:08:00,DR012,10.63
DE00220_2,O00220,out_for_delivery,2026-05-04 18:54:00,DR028,4.72
DE00221_0,O00221,assigned,2026-04-05 16:29:00,DR028,2.91
DE00221_1,O00221,picked_up,2026-04-05 16:42:00,DR005,22.12
DE00221_2,O00221,out_for_delivery,2026-04-05 17:23:00,DR004,4.18
DE00221_3,O00221,delivered,2026-04-05 17:35:00,DR002,17.24
DE00222_0,O00222,assigned,2026-04-22 09:23:00,DR030,23.36
DE00222_1,O00222,picked_up,2026-04-22 09:55:00,DR023,10.66
DE00222_2,O00222,out_for_delivery,2026-04-22 09:59:00,DR010,3.02
DE00223_0,O00223,assigned,2026-04-16 23:33:00,DR010,11.78
DE00223_1,O00223,picked_up,2026-04-16 23:44:00,DR018,19.83
DE00223_2,O00223,out_for_delivery,2026-04-17 00:03:00,DR019,13.72
DE00223_3,O00223,delivered,2026-04-17 00:45:00,DR021,1.81
DE00223_4,O00223,cancelled,2026-04-17 01:29:00,DR014,8.04
DE00224_0,O00224,assigned,2026-04-23 00:09:00,DR007,15.77
DE00224_1,O00224,picked_up,2026-04-23 00:38:00,DR030,21.45
DE00224_2,O00224,out_for_delivery,2026-04-23 00:31:00,DR008,14.33
DE00225_0,O00225,assigned,2026-04-03 14:54:00,DR020,20.96
DE00225_1,O00225,picked_up,2026-04-03 15:07:00,DR029,15.89
DE00225_2,O00225,out_for_delivery,2026-04-03 15:26:00,DR009,20.53
DE00226_0,O00226,assigned,2026-04-07 09:36:00,DR008,18.56
DE00226_1,O00226,picked_up,2026-04-07 10:11:00,DR016,9.19
DE00226_2,O00226,out_for_delivery,2026-04-07 10:20:00,DR001,26.14
DE00226_3,O00226,delivered,2026-04-07 10:03:00,DR025,22.11
DE00227_0,O00227,assigned,2026-04-13 18:07:00,DR022,19.46
DE00227_1,O00227,picked_up,2026-04-13 18:16:00,DR018,14.02
DE00227_2,O00227,out_for_delivery,2026-04-13 19:11:00,DR025,11.19
DE00227_3,O00227,delivered,2026-04-13 18:55:00,DR014,19.94
DE00227_4,O00227,cancelled,2026-04-13 20:59:00,DR005,4.12
DE00228_0,O00228,ASSIGNED,2026-04-09 00:18:00,DR012,6.23
DE00228_1,O00228,PICKED_UP,2026-04-09 00:53:00,DR030,2.56
DE00228_2,O00228,OUT_FOR_DELIVERY,2026-04-09 01:02:00,DR003,16.89
DE00228_3,O00228,DELIVERED,2026-04-09 01:24:00,DR014,21.18
DE00228_4,O00228,CANCELLED,2026-04-09 03:06:00,DR019,2.24
DE00229_0,O00229,assigned,2026-04-01 23:54:00,DR027,2.54
DE00229_1,O00229,picked_up,2026-04-02 00:05:00,DR005,12.84
DE00229_2,O00229,out_for_delivery,2026-04-02 00:46:00,DR002,9.48
DE00229_3,O00229,delivered,2026-04-02 01:03:00,DR010,4.5
DE00229_4,O00229,cancelled,2026-04-02 02:06:00,DR016,18.75
DE00230_0,O00230,assigned,2026-04-05 10:18:00,DR007,14.36
DE00230_1,O00230,picked_up,2026-04-05 10:48:00,DR029,25.71
DE00230_2,O00230,out_for_delivery,2026-04-05 11:02:00,DR015,20.25
DE00230_3,O00230,delivered,2026-04-05 11:51:00,DR025,15.89
DE00231_0,O00231,assigned,2026-04-16 17:59:00,DR023,15.62
DE00231_1,O00231,picked_up,2026-04-16 18:13:00,DR002,10.36
DE00231_2,O00231,out_for_delivery,2026-04-16 19:07:00,DR023,26.67
DE00231_3,O00231,delivered,2026-04-16 19:56:00,DR009,3.12
DE00232_0,O00232,assigned,2026-04-09 23:21:00,DR010,21.03
DE00232_1,O00232,picked_up,2026-04-09 23:42:00,DR004,11.05
DE00232_2,O00232,out_for_delivery,2026-04-09 23:55:00,DR002,27.4
DE00232_3,O00232,delivered,2026-04-10 01:09:00,DR021,21.63
DE00232_4,O00232,cancelled,2026-04-10 00:21:00,DR001,14.47
DE00233_0,O00233,assigned,2026-04-03 13:36:00,DR013,9.11
DE00233_1,O00233,picked_up,2026-04-03 13:49:00,DR002,8.54
DE00233_2,O00233,out_for_delivery,2026-04-03 14:40:00,DR016,1.51
DE00233_3,O00233,delivered,2026-04-03 15:12:00,DR013,12.99
DE00234_0,O00234,assigned,2026-04-15 12:30:00,DR022,12.64
DE00234_1,O00234,picked_up,2026-04-15 12:41:00,DR022,9.24
DE00234_2,O00234,out_for_delivery,2026-04-15 13:54:00,DR025,10.39
DE00234_3,O00234,delivered,2026-04-15 12:57:00,DR030,17.44
DE00235_0,O00235,assigned,2026-04-23 00:44:00,DR007,21.45
DE00235_1,O00235,picked_up,2026-04-23 01:13:00,DR024,23.39
DE00235_2,O00235,out_for_delivery,2026-04-23 01:54:00,DR028,12.54
DE00235_3,O00235,delivered,2026-04-23 01:17:00,DR026,3.95
DE00236_0,O00236,assigned,2026-04-26 01:15:00,DR028,27.75
DE00236_1,O00236,picked_up,2026-04-26 01:57:00,DR015,12.44
DE00236_2,O00236,out_for_delivery,2026-04-26 02:43:00,DR025,15.01
DE00236_3,O00236,delivered,2026-04-26 02:09:00,DR013,13.62
DE00236_4,O00236,cancelled,2026-04-26 02:47:00,DR005,25.51
DE00237_0,O00237,assigned,2026-04-18 22:38:00,DR003,27.97
DE00237_1,O00237,picked_up,2026-04-18 23:20:00,DR010,10.11
DE00237_2,O00237,out_for_delivery,2026-04-18 23:44:00,DR002,17.62
DE00237_3,O00237,delivered,2026-04-19 00:11:00,DR009,18.8
DE00237_4,O00237,cancelled,2026-04-18 23:10:00,DR004,9.29
DE00238_0,O00238,assigned,2026-04-21 23:16:00,DR015,13.49
DE00238_1,O00238,picked_up,2026-04-21 23:52:00,DR001,13.59
DE00238_2,O00238,out_for_delivery,2026-04-22 00:16:00,DR016,18.22
DE00238_3,O00238,delivered,2026-04-22 01:25:00,DR007,12.03
DE00239_0,O00239,assigned,2026-04-06 13:43:00,DR011,26.74
DE00239_1,O00239,picked_up,2026-04-06 14:19:00,DR006,7.97
DE00239_2,O00239,out_for_delivery,2026-04-06 14:33:00,DR009,24.46
DE00239_3,O00239,delivered,2026-04-06 14:31:00,DR008,18.02
DE00239_4,O00239,cancelled,2026-04-06 14:51:00,DR028,17.68
DE00240_0,O00240,ASSIGNED,2026-04-04 12:58:00,DR006,19.48
DE00240_1,O00240,PICKED_UP,2026-04-04 13:34:00,DR019,9.57
DE00240_2,O00240,OUT_FOR_DELIVERY,2026-04-04 14:24:00,DR023,7.15
DE00003_3,O00003,delivered,2026-04-09 17:31:00,DR026,27.94
